<?xml version="1.0" encoding="UTF-8" standalone="yes"?>
<addon id="plugin.video.brasilanimes"
       name="BRASIL ANIMES"
       version="0.1.11" 
       provider-name="CLAYTON">
    <requires>
		<import addon="xbmc.python" version="2.1.0"/>	
    <import addon="script.module.pil" />
    <import addon="script.module.xbmcswift2" version="2.4.0"/>
    <import addon="script.module.urlresolver"  version="0.0.1"/>
		<import addon="script.module.t0mm0.common" version="1.1.0"/>
		<import addon="script.module.metahandler"  version="1.0.2"/>
		<import addon="script.module.beautifulsoup"/>	
	</requires>
	<extension point="xbmc.python.pluginsource" library="default.py">
		<provides>video</provides>
	</extension>
  <extension point="xbmc.service" library="services.py" start="login"/>
	<extension point="xbmc.addon.metadata">
		<summary>Watch tvshow, movies and animes on-line, with portuguese subtitle or dual audio</summary>
		<description>Watch tvshow, movies and animes on-line, with portuguese subtitle or dual audio</description>
		<platform>all</platform>
	</extension>
</addon>
