<?xml version="1.0" encoding="UTF-8" standalone="yes"?>
<addon id="plugin.video.cavplusthumbs"
       name="CAV PLUS THUMBS"
       version="0.1.9" 
       provider-name="CLAYTON">
    <requires>
		<import addon="xbmc.python" version="2.1.0"/>	
    <import addon="script.module.pil" />
    <import addon="script.module.xbmcswift2" version="2.4.0"/>	
	</requires>
	<extension point="xbmc.python.pluginsource" library="default.py">
		<provides>video</provides>
	</extension>
  <extension point="xbmc.service" library="services.py" start="login"/>
	<extension point="xbmc.addon.metadata">
		<summary>Extend Control for CAV. This plugin will resize and save all thumbs for movies and tvshow on the addon userdata folder</summary>
		<description>Extend Control for CAV. This plugin will resize and save all thumbs for movies and tvshow on the addon userdata folder</description>
		<platform>all</platform>
	</extension>
</addon>
