<?xml version="1.0" encoding="UTF-8" standalone="yes"?>
<addon id="plugin.video.inmylibrary"
       name="IN MY LIBRARY"
       version="0.2.5" 
       provider-name="CLAYTON">
    <requires>
		<import addon="xbmc.python" version="2.1.0"/>	
    <import addon="script.module.pil" />
    <import addon="script.module.xbmcswift2" version="2.4.0"/>
    <import addon="script.module.urlresolver"  version="0.0.1"/>
		<import addon="script.module.t0mm0.common" version="1.1.0"/>
		<import addon="script.module.metahandler"  version="1.0.2"/>
		<import addon="script.module.beautifulsoup"/>	
	</requires>
	<extension point="xbmc.python.pluginsource" library="default.py">
		<provides>video</provides>
	</extension>
	<extension point="xbmc.service" library="services.py" start="login"/>
  <extension point="xbmc.addon.metadata">
		<summary>Look and insert videos from your addon into the your library</summary>
		<description>Look and insert videos from your addon into the your library</description>
		<platform>all</platform>
	</extension>
</addon>
