<?xml version="1.0" encoding="UTF-8" standalone="yes"?>
<addon id="script.cavplus"
       name="CAV PLUS"
       version="0.1.9" 
       provider-name="CLAYTON">
    <requires>
		<import addon="xbmc.python" version="2.1.0"/>		
	</requires>
	<extension point="xbmc.python.script" library="default.py">
		<provides>executable</provides>
	</extension>
	<extension point="xbmc.addon.metadata">
		<summary>Extend Control for CAV</summary>
		<description>Extend Control for CAV</description>
		<platform>all</platform>
	</extension>
</addon>
